{
    "depths": [
        1,
        2,
        3,
        5,
        7
    ],
    "gaps": [
        0.04527999999999999,
        0.06576000000000004,
        0.07121999999999995,
        0.040919999999999956,
        0.03801999999999994
    ],
    "training_times": [
        83.62318420410156,
        93.90002036094666,
        105.39116525650024,
        108.00420093536377,
        122.31475186347961
    ],
    "optimal_depth": 7
}