{
    "depths": [
        1,
        2,
        3,
        5,
        7
    ],
    "gaps": [
        0.004750000000000032,
        0.010783333333333256,
        0.009266666666666645,
        0.0031333333333333213,
        0.0015500000000000513
    ],
    "training_times": [
        78.91438126564026,
        89.36482763290405,
        88.15189051628113,
        96.73863220214844,
        104.6576600074768
    ],
    "optimal_depth": 7
}