{
    "baseline": {
        "train_acc": [
            0.9569166666666666,
            0.9850833333333333,
            0.9897833333333333,
            0.9918666666666667,
            0.9933833333333333
        ],
        "test_acc": [
            0.9844,
            0.9881,
            0.9894,
            0.988,
            0.9864
        ],
        "train_loss": [
            0.1403977159854533,
            0.04709548554132516,
            0.03404209813519966,
            0.025325226865395203,
            0.0200232334951455
        ],
        "test_loss": [
            0.04531435277312994,
            0.033910829480737446,
            0.03477239976637066,
            0.036259376397356394,
            0.04226487586274743
        ],
        "num_params": 50186,
        "train_time": 89.42546391487122
    },
    "custom": {
        "train_acc": [
            0.95735,
            0.9859666666666667,
            0.9891333333333333,
            0.9919166666666667,
            0.99325
        ],
        "test_acc": [
            0.9813,
            0.9884,
            0.986,
            0.9891,
            0.9881
        ],
        "train_loss": [
            0.1406695560393567,
            0.04591737496861463,
            0.03378437797637976,
            0.02598053165859774,
            0.020807697959835017
        ],
        "test_loss": [
            0.05532609168440104,
            0.034392630029469726,
            0.04059226755052805,
            0.03034592899493873,
            0.03623246178030968
        ],
        "num_params": 56713,
        "train_time": 178.40111422538757
    }
}