{
    "basic": {
        "train_acc": [
            0.9518166666666666,
            0.9861666666666666,
            0.9887666666666667,
            0.9904166666666666,
            0.9919,
            0.9927,
            0.9939,
            0.994,
            0.9942666666666666,
            0.9954
        ],
        "test_acc": [
            0.9756,
            0.9873,
            0.9863,
            0.985,
            0.9897,
            0.9878,
            0.9914,
            0.9871,
            0.9948,
            0.9892
        ],
        "train_loss": [
            0.2279732552583395,
            0.04943703708034366,
            0.03872512336145205,
            0.0319054769909333,
            0.027642559271610117,
            0.023574029306706382,
            0.020942047873607723,
            0.019658087708203913,
            0.018055817395297765,
            0.015217484618194088
        ],
        "test_loss": [
            0.08632800728082657,
            0.04343430874869227,
            0.04482109304517508,
            0.04581397771835327,
            0.030504244845360518,
            0.036057642614468935,
            0.026399744558148086,
            0.037664443626999854,
            0.017699626134708525,
            0.031723462697118524
        ],
        "num_params": 151306,
        "train_time": 141.81056761741638
    },
    "bottleneck": {
        "train_acc": [
            0.83505,
            0.9625833333333333,
            0.9721666666666666,
            0.97625,
            0.9801666666666666,
            0.9819,
            0.9837833333333333,
            0.9847333333333333,
            0.9853833333333334,
            0.98635
        ],
        "test_acc": [
            0.9582,
            0.9734,
            0.9651,
            0.9739,
            0.9737,
            0.9689,
            0.982,
            0.9818,
            0.9643,
            0.9783
        ],
        "train_loss": [
            0.6706409959682523,
            0.1536450247202855,
            0.104247323634512,
            0.08354517243214762,
            0.07069349709028469,
            0.06202446549102219,
            0.05622991656354352,
            0.05156029087813027,
            0.0479254432470361,
            0.04626570227243173
        ],
        "test_loss": [
            0.18505696952342987,
            0.11170798651874066,
            0.11909139603376388,
            0.09012080244719982,
            0.08841364458203316,
            0.10037529021501541,
            0.06124906446784735,
            0.056304301507771014,
            0.11327742934226989,
            0.07320610592141748
        ],
        "num_params": 12970,
        "train_time": 135.88838410377502
    },
    "wide": {
        "train_acc": [
            0.9579333333333333,
            0.9873,
            0.9896166666666667,
            0.99095,
            0.992,
            0.9937666666666667,
            0.9934666666666667,
            0.99425,
            0.9950666666666667,
            0.99575
        ],
        "test_acc": [
            0.9598,
            0.9868,
            0.9883,
            0.9902,
            0.9942,
            0.9931,
            0.9893,
            0.994,
            0.9931,
            0.9906
        ],
        "train_loss": [
            0.2062357643724425,
            0.047041915026483444,
            0.03556724243858424,
            0.028820629920070763,
            0.02493051220419636,
            0.02094018480986598,
            0.02087098964326047,
            0.018744473988235595,
            0.015473310776458962,
            0.0138831531778457
        ],
        "test_loss": [
            0.12732183709740638,
            0.043728587590157984,
            0.03888712264597416,
            0.03134516715072096,
            0.01887779957614839,
            0.01903060437180102,
            0.03559455871582031,
            0.02003726433031261,
            0.018637720006518067,
            0.029545957595109938
        ],
        "num_params": 299082,
        "train_time": 174.85276865959167
    }
}