{"train_loss": [1.2487756311893463, 0.4008597582578659, 0.320908563832442, 0.17820308605829874, 0.13092674252887568, 0.10724625829607248, 0.2636481411755085, 0.21748419354359308, 0.2527347803115845, 0.17397370810310045], "val_loss": [1.6119272198135917, 8.818877240037565, 1.8795448329887892, 2.1994932624465706, 0.7599222520366311, 1.6431609227469093, 1.462513539351915, 0.6764873902705547, 0.8433395415348443, 0.6787537367720353], "val_acc": [59.666666666666664, 40.5, 66.83333333333333, 67.83333333333333, 82.83333333333333, 67.83333333333333, 71.66666666666667, 80.5, 77.66666666666667, 77.66666666666667]}